9434	1009434
14121	1014121
27255	1027255
12380	1012380
4401	1004401
9020	1009020
66567	1066567
42158	1042158
40799	1040799
72293	1072293
45167	1045167
13145	1013145
12790	1012790
71679	1071679
60683	1060683
142592	1142592
121341	1121341
99320	1099320
23409	1023409
90231	1090231
174165	1174165
142251	1142251
207641	1207641
105965	1105965
143412	1143412
212794	1212794
70953	1070953
57161	1057161
94322	1094322
8908	1008908
131848	1131848
267253	1267253
284949	1284949
59914	1059914
16910	1016910
262134	1262134
257884	1257884
276961	1276961
348364	1348364
319399	1319399
185008	1185008
350811	1350811
12927	1012927
410650	1410650
374140	1374140
185354	1185354
338104	1338104
148243	1148243
47355	1047355
425763	1425763
175061	1175061
240485	1240485
1379	1001379
304814	1304814
44588	1044588
389428	1389428
201680	1201680
282777	1282777
187686	1187686
327973	1327973
523531	1523531
156627	1156627
121976	1121976
80908	1080908
339385	1339385
166685	1166685
97214	1097214
517675	1517675
598558	1598558
297681	1297681
584981	1584981
214255	1214255
74824	1074824
620707	1620707
448953	1448953
21214	1021214
449840	1449840
163976	1163976
498231	1498231
22062	1022062
189962	1189962
715855	1715855
277237	1277237
509435	1509435
411697	1411697
522212	1522212
671126	1671126
467261	1467261
331791	1331791
430813	1430813
223143	1223143
501716	1501716
371269	1371269
930394	1930394
344480	1344480
665394	1665394
336463	1336463
971063	1971063
137759	1137759
190384	1190384
803736	1803736
526330	1526330
731020	1731020
239189	1239189
544122	1544122
299668	1299668
657565	1657565
842	1000842
227455	1227455
39836	1039836
671759	1671759
1083746	2083746
131635	1131635
537393	1537393
531415	1531415
639418	1639418
622054	1622054
956063	1956063
1122212	2122212
296555	1296555
1047086	2047086
522012	1522012
914519	1914519
511178	1511178
373323	1373323
869004	1869004
150937	1150937
383898	1383898
869288	1869288
710301	1710301
37445	1037445
502277	1502277
547362	1547362
800545	1800545
999639	1999639
757906	1757906
57517	1057517
318533	1318533
1232482	2232482
360051	1360051
466567	1466567
174985	1174985
835372	1835372
1131379	2131379
1329349	2329349
1216144	2216144
1227754	2227754
1217189	2217189
803165	1803165
1146081	2146081
69160	1069160
781507	1781507
1355178	2355178
1293400	2293400
691378	1691378
365923	1365923
1065174	2065174
1145272	2145272
21518	1021518
795270	1795270
11206	1011206
211665	1211665
1197656	2197656
730477	1730477
471899	1471899
788367	1788367
1460834	2460834
38642	1038642
1141173	2141173
193745	1193745
652287	1652287
1244347	2244347
557457	1557457
261821	1261821
71847	1071847
1136230	2136230
1002527	2002527
655075	1655075
881529	1881529
84943	1084943
530081	1530081
907458	1907458
544924	1544924
953267	1953267
1092294	2092294
471228	1471228
1377000	2377000
1156566	2156566
353528	1353528
1677566	2677566
1253359	2253359
774880	1774880
1617625	2617625
1352076	2352076
1566423	2566423
453224	1453224
247132	1247132
570846	1570846
889388	1889388
200903	1200903
1800756	2800756
125731	1125731
107491	1107491
1755097	2755097
1883738	2883738
1619125	2619125
1148847	2148847
412014	1412014
1391812	2391812
902714	1902714
1885985	2885985
1988205	2988205
704573	1704573
112527	1112527
816714	1816714
1684734	2684734
1638903	2638903
733655	1733655
2027249	3027249
2100237	3100237
1550053	2550053
665390	1665390
651878	1651878
1082751	2082751
1060932	2060932
1887214	2887214
1677883	2677883
1124203	2124203
1690235	2690235
1279681	2279681
868255	1868255
2309184	3309184
590990	1590990
1408972	2408972
2305301	3305301
1324647	2324647
1008311	2008311
1538336	2538336
351321	1351321
1197736	2197736
2325718	3325718
121312	1121312
2269426	3269426
2371803	3371803
288410	1288410
837901	1837901
1276802	2276802
461795	1461795
337817	1337817
1276298	2276298
359274	1359274
1205455	2205455
2226772	3226772
2485487	3485487
670203	1670203
241827	1241827
2158700	3158700
311921	1311921
1856868	2856868
589148	1589148
2127030	3127030
19448	1019448
2428505	3428505
1648360	2648360
2184350	3184350
1629892	2629892
1807092	2807092
166934	1166934
1069385	2069385
1613367	2613367
1219102	2219102
2454062	3454062
2524873	3524873
263612	1263612
1608839	2608839
1619570	2619570
2239786	3239786
1505373	2505373
1808188	2808188
171705	1171705
1700753	2700753
1638748	2638748
1372262	2372262
2470677	3470677
1847003	2847003
1891345	2891345
2432337	3432337
2574489	3574489
1237649	2237649
1451584	2451584
2597925	3597925
2805805	3805805
1686262	2686262
460414	1460414
1992025	2992025
1834444	2834444
1851816	2851816
2569716	3569716
259262	1259262
995849	1995849
2380130	3380130
1029007	2029007
153227	1153227
2305159	3305159
1276838	2276838
2286982	3286982
332289	1332289
1021932	2021932
370780	1370780
524563	1524563
1871840	2871840
1753746	2753746
520651	1520651
1963232	2963232
1597848	2597848
1307167	2307167
1790478	2790478
3045576	4045576
1026300	2026300
2159557	3159557
2201869	3201869
3101791	4101791
352117	1352117
150199	1150199
2088680	3088680
1962992	2962992
1766866	2766866
1031765	2031765
595205	1595205
241723	1241723
2631262	3631262
2473268	3473268
2185102	3185102
1932060	2932060
2372752	3372752
1261587	2261587
1077029	2077029
1970843	2970843
2679704	3679704
643053	1643053
1610559	2610559
1856869	2856869
1781960	2781960
1854877	2854877
2792378	3792378
1764878	2764878
816015	1816015
2179482	3179482
1695189	2695189
2326283	3326283
2289831	3289831
3238902	4238902
3230885	4230885
1686818	2686818
542269	1542269
3454493	4454493
1205659	2205659
2030511	3030511
1691874	2691874
1361715	2361715
1037521	2037521
3579798	4579798
2550641	3550641
1603687	2603687
18034	1018034
157357	1157357
3220563	4220563
2551230	3551230
1015328	2015328
1484595	2484595
2734416	3734416
1777142	2777142
1005907	2005907
1376605	2376605
20827	1020827
1894818	2894818
679089	1679089
2433367	3433367
2238288	3238288
3597030	4597030
2633670	3633670
1661562	2661562
812181	1812181
2822318	3822318
2236407	3236407
2653664	3653664
2616412	3616412
1481772	2481772
544879	1544879
1335223	2335223
3592947	4592947
1973030	2973030
2571445	3571445
1606532	2606532
2542764	3542764
1278105	2278105
3357942	4357942
2181511	3181511
1197615	2197615
174585	1174585
3201223	4201223
4012303	5012303
633353	1633353
1889264	2889264
2732270	3732270
2755156	3755156
2896721	3896721
3640220	4640220
817480	1817480
1563547	2563547
3528328	4528328
32444	1032444
2276141	3276141
789562	1789562
3725014	4725014
3550158	4550158
2397855	3397855
909758	1909758
1459638	2459638
2523631	3523631
1702745	2702745
1327530	2327530
2873780	3873780
1993796	2993796
3592410	4592410
3847864	4847864
2095742	3095742
1974236	2974236
2364692	3364692
2561840	3561840
2250177	3250177
996855	1996855
2780008	3780008
1249335	2249335
2121902	3121902
3329773	4329773
2606989	3606989
3398560	4398560
25790	1025790
3326439	4326439
4316618	5316618
559716	1559716
523117	1523117
3861634	4861634
646632	1646632
4135593	5135593
2442003	3442003
2792953	3792953
571336	1571336
1278025	2278025
1108318	2108318
3809142	4809142
1957816	2957816
1911924	2911924
4090359	5090359
311104	1311104
738009	1738009
81036	1081036
1899926	2899926
3826185	4826185
2847087	3847087
2580470	3580470
2728227	3728227
2971948	3971948
1895490	2895490
4352516	5352516
1949820	2949820
4238999	5238999
920002	1920002
3314410	4314410
1656726	2656726
4601057	5601057
4462962	5462962
2020956	3020956
690899	1690899
3345787	4345787
1261108	2261108
3809049	4809049
2204234	3204234
881946	1881946
1774009	2774009
3802034	4802034
1190202	2190202
2006039	3006039
667	1000667
4120761	5120761
2556082	3556082
4083844	5083844
4249475	5249475
3454954	4454954
1987265	2987265
2505471	3505471
839185	1839185
821875	1821875
1646621	2646621
1118766	2118766
2163523	3163523
3793923	4793923
3111307	4111307
2846139	3846139
1246605	2246605
2253248	3253248
1159181	2159181
4305589	5305589
146595	1146595
2780477	3780477
344356	1344356
2904460	3904460
3524645	4524645
3791026	4791026
3431717	4431717
2288550	3288550
3567036	4567036
798276	1798276
2360455	3360455
1398440	2398440
3118649	4118649
616754	1616754
3627387	4627387
2737210	3737210
2012051	3012051
67523	1067523
4249795	5249795
3197875	4197875
802150	1802150
3690697	4690697
4888385	5888385
5170062	6170062
4935897	5935897
5253836	6253836
892747	1892747
3588820	4588820
3713904	4713904
3196253	4196253
138831	1138831
4780335	5780335
198679	1198679
4922780	5922780
3141496	4141496
633671	1633671
4445472	5445472
2965211	3965211
1664785	2664785
4397628	5397628
1117062	2117062
1216968	2216968
5175295	6175295
2145217	3145217
788566	1788566
1872088	2872088
2010611	3010611
3395291	4395291
3568893	4568893
1206117	2206117
4025760	5025760
1222647	2222647
1857072	2857072
755731	1755731
2672747	3672747
4869019	5869019
2022050	3022050
3345854	4345854
2635783	3635783
572720	1572720
3581051	4581051
1519706	2519706
2689022	3689022
2597958	3597958
256782	1256782
5695549	6695549
1526232	2526232
166308	1166308
1654038	2654038
5362076	6362076
5709184	6709184
5007123	6007123
5740571	6740571
723536	1723536
2471463	3471463
369709	1369709
3457437	4457437
1115898	2115898
2436609	3436609
2301481	3301481
310740	1310740
3967637	4967637
2391624	3391624
4089128	5089128
5778279	6778279
5493736	6493736
4395146	5395146
183962	1183962
5175706	6175706
2309143	3309143
75036	1075036
1186324	2186324
693770	1693770
5548885	6548885
3621918	4621918
4530045	5530045
1146912	2146912
4062041	5062041
4077566	5077566
1498283	2498283
2577827	3577827
5950497	6950497
1089930	2089930
3815232	4815232
301710	1301710
2498332	3498332
4446090	5446090
1451151	2451151
3403155	4403155
5081089	6081089
5799855	6799855
303544	1303544
3033625	4033625
1997220	2997220
1218792	2218792
3771847	4771847
211168	1211168
2008209	3008209
534547	1534547
4830603	5830603
3249559	4249559
904749	1904749
5386188	6386188
6223812	7223812
2165062	3165062
5595240	6595240
3738997	4738997
2513789	3513789
3365991	4365991
1107484	2107484
2321160	3321160
2807370	3807370
1652194	2652194
1979895	2979895
5189686	6189686
5482481	6482481
5691801	6691801
4891109	5891109
5852558	6852558
3893684	4893684
2872690	3872690
1252961	2252961
2084686	3084686
5385392	6385392
1360335	2360335
2413002	3413002
4855857	5855857
4368202	5368202
3407901	4407901
1196995	2196995
1338965	2338965
652205	1652205
3760380	4760380
1175042	2175042
3518616	4518616
992802	1992802
4509587	5509587
1588736	2588736
2131159	3131159
2213105	3213105
4895801	5895801
5218182	6218182
2755477	3755477
2104051	3104051
2038500	3038500
937447	1937447
88279	1088279
2474515	3474515
5910517	6910517
5562498	6562498
582117	1582117
4296685	5296685
2744281	3744281
5203734	6203734
6693279	7693279
4736741	5736741
901565	1901565
3004360	4004360
1033783	2033783
4058889	5058889
4469121	5469121
4454261	5454261
1986045	2986045
6307709	7307709
1690622	2690622
4688391	5688391
1463688	2463688
5556929	6556929
5295587	6295587
4703678	5703678
3019464	4019464
6528226	7528226
1741243	2741243
5617783	6617783
1815423	2815423
2481025	3481025
3619360	4619360
4432293	5432293
6007462	7007462
2343690	3343690
2826513	3826513
6674027	7674027
6604343	7604343
3602819	4602819
3157138	4157138
950397	1950397
1210676	2210676
6169767	7169767
616849	1616849
477714	1477714
3266113	4266113
6487773	7487773
6159061	7159061
3722466	4722466
935213	1935213
5205511	6205511
6529765	7529765
1156745	2156745
1517543	2517543
6125443	7125443
4624745	5624745
3700625	4700625
6314007	7314007
4241218	5241218
4652377	5652377
5260351	6260351
2653988	3653988
3330617	4330617
6371978	7371978
1132747	2132747
4977134	5977134
4427008	5427008
1577985	2577985
6413346	7413346
556766	1556766
3892341	4892341
347125	1347125
3914374	4914374
645345	1645345
7104919	8104919
5858470	6858470
4425532	5425532
1993545	2993545
5824124	6824124
1368906	2368906
281130	1281130
1038291	2038291
4762745	5762745
2603322	3603322
7425163	8425163
6384596	7384596
6063075	7063075
6905217	7905217
3480941	4480941
1030433	2030433
6563454	7563454
2657383	3657383
5508336	6508336
5648105	6648105
3639462	4639462
5386847	6386847
2564177	3564177
2589826	3589826
6417595	7417595
2700051	3700051
4437505	5437505
1111130	2111130
6396145	7396145
658829	1658829
6112052	7112052
6756578	7756578
4026084	5026084
3991430	4991430
1909913	2909913
4337869	5337869
2284149	3284149
530955	1530955
1627429	2627429
2293248	3293248
6186446	7186446
6720570	7720570
4986566	5986566
41450	1041450
6904646	7904646
5980724	6980724
748486	1748486
7068901	8068901
2363257	3363257
5821461	6821461
2437634	3437634
590774	1590774
3686728	4686728
1758576	2758576
3090615	4090615
4147432	5147432
7724893	8724893
5264897	6264897
444908	1444908
3093182	4093182
2051049	3051049
2996269	3996269
5940406	6940406
6550102	7550102
1736631	2736631
2387747	3387747
557366	1557366
3914517	4914517
2674389	3674389
543264	1543264
3500290	4500290
8079982	9079982
1482487	2482487
621969	1621969
4256878	5256878
6582165	7582165
1222030	2222030
4492378	5492378
1324461	2324461
5726270	6726270
136014	1136014
1071205	2071205
4105953	5105953
1500732	2500732
6983240	7983240
5160658	6160658
3798359	4798359
4641229	5641229
1798180	2798180
5413336	6413336
3175272	4175272
4316054	5316054
2376289	3376289
7703443	8703443
1418424	2418424
5655635	6655635
534779	1534779
4836272	5836272
3732042	4732042
2429324	3429324
1414459	2414459
6934683	7934683
4527079	5527079
1472657	2472657
8274829	9274829
225037	1225037
879029	1879029
2138884	3138884
5061504	6061504
5270231	6270231
1826492	2826492
563406	1563406
6959408	7959408
7577356	8577356
2212425	3212425
361268	1361268
4176847	5176847
3548991	4548991
4592729	5592729
2384340	3384340
853662	1853662
798419	1798419
2809415	3809415
1932633	2932633
4534556	5534556
5632004	6632004
6856550	7856550
1002376	2002376
2088135	3088135
6740490	7740490
5200935	6200935
8708249	9708249
7814313	8814313
4994532	5994532
527099	1527099
8461941	9461941
7675639	8675639
4815904	5815904
603883	1603883
5141601	6141601
5821119	6821119
8292277	9292277
2488387	3488387
2727479	3727479
12051	1012051
4515008	5515008
1245066	2245066
3618649	4618649
8785435	9785435
737229	1737229
6748956	7748956
3022470	4022470
5974468	6974468
6588173	7588173
4907369	5907369
3263157	4263157
2305812	3305812
3036630	4036630
6378731	7378731
1846101	2846101
540846	1540846
7413354	8413354
2335174	3335174
5409536	6409536
7084878	8084878
7678567	8678567
3236599	4236599
1496738	2496738
2847026	3847026
1463714	2463714
3700007	4700007
6028987	7028987
1617686	2617686
2803610	3803610
7545740	8545740
460097	1460097
8047695	9047695
6853952	7853952
5439342	6439342
4753403	5753403
1737120	2737120
7166773	8166773
8569803	9569803
6241391	7241391
8217536	9217536
8286696	9286696
2346461	3346461
7487600	8487600
2329007	3329007
4827390	5827390
8918560	9918560
2617416	3617416
4827419	5827419
2243419	3243419
887944	1887944
3752839	4752839
6478486	7478486
3944196	4944196
5184376	6184376
6867731	7867731
6154423	7154423
101613	1101613
3044281	4044281
2655216	3655216
4917555	5917555
1566407	2566407
8698190	9698190
8803288	9803288
4364096	5364096
8274150	9274150
3717275	4717275
7079548	8079548
4364096	5364096
5047481	6047481
898183	1898183
3682508	4682508
7976247	8976247
7186820	8186820
5213594	6213594
1305138	2305138
898179	1898179
3840513	4840513
3119834	4119834
8637295	9637295
6531494	7531494
716265	1716265
5351407	6351407
1447380	2447380
3986417	4986417
4574077	5574077
7462184	8462184
5119736	6119736
990632	1990632
242156	1242156
8194269	9194269
4964784	5964784
8342103	9342103
8786340	9786340
4671618	5671618
7708221	8708221
8652950	9652950
3583529	4583529
2899928	3899928
6102739	7102739
8035490	9035490
9838761	10838761
9514731	10514731
5313251	6313251
3698550	4698550
1594579	2594579
4740938	5740938
9458263	10458263
1885062	2885062
2747796	3747796
1626949	2626949
4009483	5009483
9375340	10375340
4463469	5463469
8868268	9868268
4127101	5127101
2967638	3967638
1475168	2475168
5509440	6509440
7586245	8586245
4867543	5867543
4857924	5857924
2397467	3397467
9020485	10020485
7914798	8914798
4989986	5989986
6521194	7521194
241445	1241445
9242784	10242784
4714215	5714215
7994551	8994551
3835607	4835607
5475568	6475568
6320292	7320292
654574	1654574
237613	1237613
5881887	6881887
4860361	5860361
8990248	9990248
5725016	6725016
7128133	8128133
7443184	8443184
2852495	3852495
1808640	2808640
1907657	2907657
7224008	8224008
815973	1815973
3947621	4947621
5757148	6757148
2374127	3374127
2372541	3372541
7193752	8193752
876479	1876479
3465276	4465276
6996356	7996356
9622331	10622331
6907217	7907217
1914820	2914820
8372913	9372913
6628636	7628636
3124223	4124223
8858428	9858428
9430057	10430057
9273368	10273368
7844831	8844831
10264515	11264515
8474118	9474118
8586048	9586048
2997331	3997331
4110729	5110729
97095	1097095
1044753	2044753
8766109	9766109
30067	1030067
9441075	10441075
5442300	6442300
10130525	11130525
5201287	6201287
3425808	4425808
4599259	5599259
10190475	11190475
6122850	7122850
1970708	2970708
3949330	4949330
6028786	7028786
6329228	7329228
3276197	4276197
378085	1378085
6759328	7759328
6506356	7506356
3658469	4658469
393464	1393464
10035333	11035333
8267789	9267789
8098849	9098849
7438478	8438478
2948041	3948041
8965954	9965954
5604085	6604085
4629460	5629460
9174780	10174780
10751373	11751373
5636330	6636330
4103049	5103049
7564438	8564438
10632174	11632174
3899172	4899172
2985348	3985348
9975463	10975463
1064258	2064258
8438377	9438377
4806125	5806125
8418880	9418880
6719775	7719775
964147	1964147
6051073	7051073
8748960	9748960
3237165	4237165
1850930	2850930
10470430	11470430
3324940	4324940
2512407	3512407
6099961	7099961
9014178	10014178
8793485	9793485
11021859	12021859
9877943	10877943
8947501	9947501
1578747	2578747
142902	1142902
8948486	9948486
4335481	5335481
10783630	11783630
10719207	11719207
1874584	2874584
10241414	11241414
1057656	2057656
7474737	8474737
9447850	10447850
409750	1409750
264861	1264861
7649170	8649170
5595205	6595205
2076277	3076277
3706013	4706013
3517774	4517774
6771823	7771823
10886797	11886797
3042231	4042231
9730297	10730297
846237	1846237
3902610	4902610
7190210	8190210
3953212	4953212
2529040	3529040
7926447	8926447
697503	1697503
4540713	5540713
718623	1718623
2627090	3627090
6915025	7915025
5967237	6967237
3071676	4071676
529408	1529408
7166243	8166243
1422297	2422297
9454465	10454465
2700873	3700873
5478222	6478222
5747625	6747625
99438	1099438
4463004	5463004
6064312	7064312
937384	1937384
3195800	4195800
11316784	12316784
4350015	5350015
637064	1637064
293962	1293962
7636792	8636792
7342456	8342456
2226744	3226744
5202796	6202796
1305011	2305011
2140804	3140804
5834262	6834262
2716380	3716380
9582361	10582361
7620170	8620170
8815520	9815520
3697329	4697329
7799517	8799517
7587756	8587756
5337675	6337675
1203578	2203578
4764538	5764538
1357279	2357279
2848199	3848199
7784061	8784061
6499874	7499874
9629709	10629709
296836	1296836
9497468	10497468
9641900	10641900
6055319	7055319
7281832	8281832
4160699	5160699
5503544	6503544
9697902	10697902
4261584	5261584
8575176	9575176
4922996	5922996
10225200	11225200
9862790	10862790
10262103	11262103
8661638	9661638
11391974	12391974
11707557	12707557
1767480	2767480
2922827	3922827
534739	1534739
11346513	12346513
2194500	3194500
3336237	4336237
9955997	10955997
2387016	3387016
8113321	9113321
769196	1769196
4305511	5305511
7561351	8561351
7567788	8567788
3926684	4926684
5361573	6361573
3609165	4609165
5462931	6462931
3347873	4347873
774931	1774931
10197228	11197228
276920	1276920
11467749	12467749
6579898	7579898
9562492	10562492
3623466	4623466
180498	1180498
9830391	10830391
11714327	12714327
4488499	5488499
8586320	9586320
1753298	2753298
11259940	12259940
1037406	2037406
261022	1261022
11174137	12174137
1967220	2967220
6340194	7340194
10304335	11304335
5807622	6807622
8758826	9758826
6078338	7078338
11684847	12684847
10233958	11233958
4012874	5012874
10574077	11574077
10598437	11598437
2061862	3061862
9236485	10236485
10503867	11503867
11107689	12107689
3056484	4056484
10278729	11278729
11257036	12257036
10107367	11107367
10637036	11637036
4209208	5209208
5138665	6138665
12519400	13519400
7350472	8350472
8493313	9493313
11300261	12300261
10577153	11577153
5441687	6441687
11641998	12641998
4966546	5966546
9852096	10852096
5900476	6900476
9523131	10523131
3151675	4151675
6764254	7764254
4035034	5035034
12378556	13378556
3702298	4702298
10793755	11793755
2271771	3271771
5248842	6248842
1348853	2348853
9117895	10117895
9654622	10654622
6758531	7758531
4846868	5846868
10750255	11750255
4326969	5326969
12188935	13188935
7259038	8259038
8243377	9243377
10740539	11740539
3870255	4870255
121435	1121435
8209363	9209363
2800339	3800339
6706180	7706180
10911197	11911197
3322184	4322184
7010113	8010113
6364839	7364839
1562771	2562771
12182885	13182885
12865600	13865600
1068233	2068233
5691045	6691045
902152	1902152
4081352	5081352
4997835	5997835
3835740	4835740
6062354	7062354
10229872	11229872
27732	1027732
907209	1907209
7883581	8883581
1671097	2671097
10209822	11209822
710570	1710570
10469354	11469354
13081102	14081102
6818652	7818652
3013395	4013395
11039199	12039199
48261	1048261
5471981	6471981
12074260	13074260
6882401	7882401
643993	1643993
912924	1912924
136210	1136210
2634626	3634626
7583036	8583036
10571326	11571326
2189774	3189774
12531228	13531228
11031437	12031437
13331230	14331230
3710452	4710452
577438	1577438
4435565	5435565
5503021	6503021
5322477	6322477
5486862	6486862
3826874	4826874
4276669	5276669
1644005	2644005
10628910	11628910
83821	1083821
529704	1529704
1096893	2096893
3661732	4661732
12146819	13146819
12710264	13710264
1561993	2561993
12728797	13728797
7634732	8634732
427539	1427539
1947370	2947370
13053080	14053080
7993556	8993556
4661395	5661395
5039377	6039377
10748116	11748116
11975590	12975590
8294973	9294973
6182544	7182544
856368	1856368
8522289	9522289
2908452	3908452
9077015	10077015
841972	1841972
2757035	3757035
4655413	5655413
7471481	8471481
7401995	8401995
1938692	2938692
632749	1632749
12785707	13785707
7989122	8989122
247768	1247768
2990118	3990118
2004028	3004028
9337136	10337136
4443724	5443724
11288015	12288015
4455757	5455757
8066545	9066545
2619983	3619983
1276507	2276507
4103211	5103211
12968891	13968891
5129765	6129765
4292268	5292268
10655871	11655871
3315272	4315272
2450787	3450787
13386841	14386841
2101992	3101992
12422781	13422781
10918549	11918549
4484281	5484281
718091	1718091
12926655	13926655
62008	1062008
9688133	10688133
1830	1001830
2010810	3010810
10800375	11800375
7713852	8713852
1702290	2702290
8287712	9287712
3269426	4269426
11400879	12400879
2615628	3615628
13450945	14450945
13920097	14920097
8226733	9226733
9511628	10511628
983268	1983268
2418954	3418954
4862380	5862380
14084945	15084945
4385301	5385301
757253	1757253
11161433	12161433
7252885	8252885
5243171	6243171
13463174	14463174
5114161	6114161
9834441	10834441
4745070	5745070
3771101	4771101
3511032	4511032
5181829	6181829
13614459	14614459
1167224	2167224
2822557	3822557
4546624	5546624
13736049	14736049
12262331	13262331
3843382	4843382
10705557	11705557
3790860	4790860
11039573	12039573
1529961	2529961
11414256	12414256
1617090	2617090
3628917	4628917
9460678	10460678
5415626	6415626
8465431	9465431
12630308	13630308
14075801	15075801
4895530	5895530
8802390	9802390
11182800	12182800
12913538	13913538
4476377	5476377
14102132	15102132
767694	1767694
12444625	13444625
10138270	11138270
4856106	5856106
10917448	11917448
12199125	13199125
7228117	8228117
2589957	3589957
10856997	11856997
13519866	14519866
7025025	8025025
8816190	9816190
8848354	9848354
11176784	12176784
1912257	2912257
2627323	3627323
9888373	10888373
10272740	11272740
6889759	7889759
1282294	2282294
7199118	8199118
9423218	10423218
14438461	15438461
5277228	6277228
5165978	6165978
11632177	12632177
2663561	3663561
12352865	13352865
5724822	6724822
7656789	8656789
10675540	11675540
8927136	9927136
3583870	4583870
10718890	11718890
3480732	4480732
2695098	3695098
591438	1591438
12039143	13039143
5610705	6610705
12151249	13151249
5525572	6525572
12693695	13693695
6932428	7932428
11711219	12711219
7780738	8780738
13512198	14512198
12292275	13292275
11450210	12450210
14821959	15821959
3722307	4722307
11218171	12218171
1178307	2178307
13616911	14616911
6039245	7039245
12575341	13575341
3656364	4656364
7838225	8838225
13527324	14527324
9765888	10765888
14177668	15177668
3913067	4913067
7581011	8581011
13143915	14143915
7649810	8649810
6703780	7703780
3189012	4189012
10844351	11844351
9640678	10640678
70150	1070150
8253519	9253519
8402176	9402176
4301155	5301155
2454418	3454418
9530060	10530060
3828062	4828062
8180378	9180378
6589897	7589897
9247460	10247460
4665339	5665339
1100762	2100762
4183627	5183627
8820967	9820967
849789	1849789
3292732	4292732
10035691	11035691
2322423	3322423
5401283	6401283
4677031	5677031
9270842	10270842
10676811	11676811
9848390	10848390
12969277	13969277
6091477	7091477
12410141	13410141
9811201	10811201
4171126	5171126
11603372	12603372
6321114	7321114
4639399	5639399
2559060	3559060
10087039	11087039
8628509	9628509
12949744	13949744
14318933	15318933
6135162	7135162
11989166	12989166
10358473	11358473
8082734	9082734
8399051	9399051
2771705	3771705
3043754	4043754
15102079	16102079
11692473	12692473
423990	1423990
7666968	8666968
8787943	9787943
7363861	8363861
14371773	15371773
2124478	3124478
5097535	6097535
447099	1447099
3636678	4636678
10536354	11536354
6237911	7237911
2702373	3702373
13248691	14248691
13064346	14064346
30631	1030631
5498971	6498971
8882403	9882403
14049352	15049352
12857118	13857118
5542333	6542333
13133862	14133862
6355998	7355998
12070589	13070589
569729	1569729
11930222	12930222
12267472	13267472
9643545	10643545
12040471	13040471
3119192	4119192
15039431	16039431
15780659	16780659
4254669	5254669
2873206	3873206
14102218	15102218
13753295	14753295
3835867	4835867
8145906	9145906
13154408	14154408
3223385	4223385
3060069	4060069
1377332	2377332
12200387	13200387
13795967	14795967
7648698	8648698
15042110	16042110
13567466	14567466
10258877	11258877
5682750	6682750
7880793	8880793
6939540	7939540
10205013	11205013
1415354	2415354
15736831	16736831
1926686	2926686
5261113	6261113
15068437	16068437
14791666	15791666
1892667	2892667
9032329	10032329
1948348	2948348
9834963	10834963
4515914	5515914
2250043	3250043
7430704	8430704
15771139	16771139
1962226	2962226
14561171	15561171
6199089	7199089
5193173	6193173
10034568	11034568
14997777	15997777
14642220	15642220
9658717	10658717
1105215	2105215
535850	1535850
11685702	12685702
6886553	7886553
4341810	5341810
4976709	5976709
11755613	12755613
8341984	9341984
4509291	5509291
14067940	15067940
12726580	13726580
7100275	8100275
2578850	3578850
1233285	2233285
11436097	12436097
5436286	6436286
5646916	6646916
14346116	15346116
1474485	2474485
4269065	5269065
9567862	10567862
14155610	15155610
1480886	2480886
9906111	10906111
5332213	6332213
4397434	5397434
10212273	11212273
5415738	6415738
3265919	4265919
6696571	7696571
2534226	3534226
1732132	2732132
13363637	14363637
2903754	3903754
16254354	17254354
431705	1431705
14452295	15452295
11524340	12524340
3490435	4490435
7093172	8093172
7050844	8050844
14485010	15485010
6145609	7145609
617487	1617487
6727769	7727769
3584972	4584972
8677969	9677969
712293	1712293
4486659	5486659
3411005	4411005
1867575	2867575
7197090	8197090
446415	1446415
4365656	5365656
11919685	12919685
15124308	16124308
3023133	4023133
3175885	4175885
15312133	16312133
16227001	17227001
6089237	7089237
7412044	8412044
13068559	14068559
3295417	4295417
3975352	4975352
6753401	7753401
3661483	4661483
14206837	15206837
10521381	11521381
7408435	8408435
4671649	5671649
14601051	15601051
12745653	13745653
9692829	10692829
10321457	11321457
8294779	9294779
15120262	16120262
15042232	16042232
12171554	13171554
5982300	6982300
14115417	15115417
6064942	7064942
476077	1476077
10931497	11931497
10129127	11129127
12269146	13269146
3359258	4359258
6582551	7582551
4803098	5803098
17094634	18094634
9346318	10346318
2552430	3552430
1423358	2423358
2415916	3415916
215828	1215828
10103143	11103143
2007175	3007175
7731839	8731839
8339923	9339923
4249934	5249934
3046662	4046662
16266609	17266609
14769432	15769432
4526959	5526959
12647791	13647791
16271223	17271223
14378515	15378515
15431742	16431742
2193978	3193978
10536374	11536374
12885542	13885542
1639906	2639906
15196866	16196866
12909742	13909742
10208534	11208534
8242284	9242284
17194060	18194060
2220171	3220171
1608220	2608220
8145252	9145252
17514795	18514795
6409179	7409179
8593648	9593648
15381003	16381003
10924392	11924392
130726	1130726
7051166	8051166
7553589	8553589
12703686	13703686
13292287	14292287
15728006	16728006
1556839	2556839
15036234	16036234
11010842	12010842
2147910	3147910
9971591	10971591
17273444	18273444
4751664	5751664
6710090	7710090
11902525	12902525
11198078	12198078
12759671	13759671
17439024	18439024
4549799	5549799
10966026	11966026
13296527	14296527
16631816	17631816
6376060	7376060
3064072	4064072
11872231	12872231
95480	1095480
4275358	5275358
15168431	16168431
15350868	16350868
3704764	4704764
114997	1114997
1788079	2788079
10018397	11018397
220	1000220
3104391	4104391
8582973	9582973
2608425	3608425
2966026	3966026
15716786	16716786
10787697	11787697
13169876	14169876
17408178	18408178
10318687	11318687
3262253	4262253
6434764	7434764
10233236	11233236
5019017	6019017
12272643	13272643
15191049	16191049
11807384	12807384
7654046	8654046
14269540	15269540
1510980	2510980
4308987	5308987
10615491	11615491
11989789	12989789
6225078	7225078
5516785	6516785
10833310	11833310
6295178	7295178
678267	1678267
10622759	11622759
18306524	19306524
10188499	11188499
12127736	13127736
17672628	18672628
14037050	15037050
16367885	17367885
5229072	6229072
7302782	8302782
10953929	11953929
14047039	15047039
1235021	2235021
3799436	4799436
13426892	14426892
958785	1958785
5879791	6879791
5046350	6046350
10676881	11676881
8545864	9545864
5438426	6438426
13945980	14945980
2796432	3796432
967382	1967382
14795803	15795803
10738770	11738770
1767742	2767742
18267389	19267389
3705015	4705015
5321549	6321549
8161104	9161104
15924272	16924272
11320491	12320491
11901850	12901850
15240277	16240277
4414598	5414598
7334587	8334587
14771134	15771134
13499475	14499475
9145173	10145173
14652046	15652046
6044688	7044688
8013691	9013691
8678752	9678752
448568	1448568
10468198	11468198
10611154	11611154
18356923	19356923
7170172	8170172
16675943	17675943
11008286	12008286
2239654	3239654
13685710	14685710
13908573	14908573
16810002	17810002
23506	1023506
7433549	8433549
13291186	14291186
16652571	17652571
6104527	7104527
2162893	3162893
71554	1071554
6271669	7271669
11844741	12844741
7329823	8329823
18770537	19770537
5769566	6769566
16533432	17533432
15322936	16322936
8843258	9843258
15592754	16592754
14024861	15024861
6536902	7536902
15230163	16230163
616003	1616003
17900892	18900892
18693254	19693254
7932225	8932225
15713933	16713933
12722685	13722685
13450083	14450083
13822613	14822613
1670794	2670794
10668723	11668723
5202630	6202630
5084039	6084039
1972367	2972367
18390143	19390143
1477219	2477219
5813076	6813076
16005099	17005099
11983533	12983533
14602176	15602176
15548129	16548129
18687579	19687579
15153893	16153893
3158491	4158491
400124	1400124
15728491	16728491
4396665	5396665
9855615	10855615
11468988	12468988
10485459	11485459
14284077	15284077
3342385	4342385
7894043	8894043
5321510	6321510
9450789	10450789
10980705	11980705
15244385	16244385
18289650	19289650
11275798	12275798
4665074	5665074
13220689	14220689
12605998	13605998
5357509	6357509
7380017	8380017
11131769	12131769
841411	1841411
4356544	5356544
14312853	15312853
3137946	4137946
6433224	7433224
7191610	8191610
11969729	12969729
276324	1276324
10345211	11345211
18210538	19210538
12524954	13524954
13455707	14455707
15237008	16237008
2979790	3979790
13274087	14274087
19131408	20131408
7649090	8649090
3035537	4035537
18509097	19509097
12230249	13230249
2802350	3802350
16603522	17603522
3330144	4330144
11574198	12574198
14881762	15881762
16501643	17501643
12701505	13701505
18617938	19617938
13247805	14247805
4664136	5664136
10515392	11515392
11195228	12195228
13899223	14899223
9826129	10826129
18587580	19587580
19603800	20603800
154356	1154356
14010442	15010442
3949518	4949518
17617662	18617662
1596704	2596704
2011905	3011905
19138570	20138570
8679170	9679170
147646	1147646
5047484	6047484
2837916	3837916
19559614	20559614
14628074	15628074
19897495	20897495
15868139	16868139
14092229	15092229
3475973	4475973
9014993	10014993
13477896	14477896
15746585	16746585
10588736	11588736
5831403	6831403
11824628	12824628
1243871	2243871
18208053	19208053
6762010	7762010
7487129	8487129
8017304	9017304
4396990	5396990
8936450	9936450
11567727	12567727
5314627	6314627
16236756	17236756
11907466	12907466
17362466	18362466
11483515	12483515
2742653	3742653
15696504	16696504
14720370	15720370
9427402	10427402
16806757	17806757
11669012	12669012
20214716	21214716
15229579	16229579
19612348	20612348
1005169	2005169
19843149	20843149
3277102	4277102
7081222	8081222
18202602	19202602
5292460	6292460
8923914	9923914
5316619	6316619
18985374	19985374
20150452	21150452
20006336	21006336
3514692	4514692
9440056	10440056
2069013	3069013
7176868	8176868
8995541	9995541
5436956	6436956
18611600	19611600
7961440	8961440
600823	1600823
4331026	5331026
15678292	16678292
8096853	9096853
20202881	21202881
7027886	8027886
9665416	10665416
10588596	11588596
11566808	12566808
6300708	7300708
439751	1439751
1522255	2522255
4015938	5015938
8891071	9891071
14455964	15455964
4281121	5281121
2530232	3530232
19839480	20839480
18141970	19141970
10809037	11809037
9914556	10914556
14659996	15659996
8401567	9401567
2975189	3975189
15084933	16084933
7294452	8294452
4024168	5024168
16357630	17357630
1216817	2216817
12466857	13466857
19378293	20378293
229739	1229739
16035388	17035388
6858929	7858929
6266972	7266972
19897241	20897241
18136095	19136095
5132065	6132065
11518520	12518520
5560473	6560473
2232481	3232481
1594609	2594609
492440	1492440
15016046	16016046
19682845	20682845
6870668	7870668
13152684	14152684
13416481	14416481
16764578	17764578
10762588	11762588
19484405	20484405
14972133	15972133
19434482	20434482
17516579	18516579
699821	1699821
15917505	16917505
7619463	8619463
11155480	12155480
8197167	9197167
6105013	7105013
17991418	18991418
8198237	9198237
173061	1173061
16254365	17254365
5718458	6718458
16470910	17470910
5312060	6312060
19335922	20335922
14042626	15042626
13551571	14551571
3439361	4439361
20222461	21222461
19186470	20186470
13338295	14338295
1325905	2325905
5457583	6457583
15766674	16766674
19941661	20941661
15277921	16277921
6230717	7230717
4477656	5477656
11893452	12893452
6197770	7197770
9202230	10202230
14711999	15711999
16309025	17309025
12117005	13117005
21294062	22294062
6945946	7945946
3697210	4697210
15345213	16345213
4950024	5950024
10807969	11807969
18462239	19462239
3038744	4038744
11610469	12610469
13264535	14264535
8222184	9222184
4659765	5659765
15640076	16640076
566154	1566154
2173279	3173279
18363051	19363051
8882839	9882839
8647893	9647893
10567202	11567202
20023671	21023671
4690502	5690502
10609606	11609606
17332546	18332546
21470229	22470229
15108297	16108297
13017889	14017889
1702641	2702641
15942315	16942315
5916017	6916017
8041525	9041525
8599469	9599469
9330600	10330600
16631314	17631314
16546367	17546367
3408256	4408256
18141167	19141167
11914793	12914793
9900081	10900081
3121028	4121028
18041695	19041695
1075404	2075404
9057511	10057511
6867807	7867807
5084544	6084544
20992719	21992719
8384078	9384078
14080828	15080828
18102958	19102958
9525220	10525220
11557940	12557940
18840172	19840172
17663549	18663549
20138131	21138131
9389247	10389247
11628425	12628425
21872748	22872748
1126076	2126076
3122826	4122826
14605360	15605360
221394	1221394
1479729	2479729
9631617	10631617
1379365	2379365
17125212	18125212
19149509	20149509
3049033	4049033
13145489	14145489
16929617	17929617
21084509	22084509
16312877	17312877
14089627	15089627
21712074	22712074
5861766	6861766
12576455	13576455
6697596	7697596
17327382	18327382
15624408	16624408
674233	1674233
9380215	10380215
13262198	14262198
20219125	21219125
16911953	17911953
13845316	14845316
3937517	4937517
8594718	9594718
4851157	5851157
15356388	16356388
17345503	18345503
3313103	4313103
9875120	10875120
12275845	13275845
9090326	10090326
11779947	12779947
18844297	19844297
14886600	15886600
2534789	3534789
6586002	7586002
20014475	21014475
5881174	6881174
10451166	11451166
8245102	9245102
13885321	14885321
16217888	17217888
491474	1491474
886014	1886014
16766990	17766990
13979228	14979228
15875368	16875368
22420405	23420405
22189977	23189977
11870683	12870683
6337020	7337020
13164086	14164086
15386233	16386233
6515180	7515180
7541437	8541437
8080625	9080625
1225247	2225247
10311540	11311540
3180674	4180674
2131515	3131515
251176	1251176
1005119	2005119
21032218	22032218
18643155	19643155
9333629	10333629
14058711	15058711
4764562	5764562
5822171	6822171
7211596	8211596
12262296	13262296
3445583	4445583
19128588	20128588
22659999	23659999
4654947	5654947
15690793	16690793
2573649	3573649
14640795	15640795
22099155	23099155
22740445	23740445
7030779	8030779
18845198	19845198
3939233	4939233
4428981	5428981
4869207	5869207
5178629	6178629
6744169	7744169
4987119	5987119
1380498	2380498
8902580	9902580
14898757	15898757
674216	1674216
13221146	14221146
22028664	23028664
19521435	20521435
6384619	7384619
17224127	18224127
18197181	19197181
733674	1733674
22135443	23135443
13836615	14836615
18884487	19884487
3537524	4537524
8522427	9522427
2642329	3642329
11583122	12583122
7518244	8518244
5195604	6195604
19912069	20912069
17884186	18884186
8099977	9099977
22080597	23080597
14578311	15578311
21911678	22911678
10169479	11169479
19354954	20354954
5502477	6502477
20999702	21999702
19276951	20276951
4202920	5202920
464435	1464435
13204941	14204941
9930515	10930515
12578220	13578220
6072593	7072593
7060934	8060934
14735975	15735975
6950512	7950512
21913647	22913647
18648342	19648342
5721527	6721527
19030453	20030453
8181981	9181981
6410309	7410309
4418768	5418768
3811935	4811935
17802486	18802486
4017993	5017993
7877988	8877988
13423955	14423955
12169106	13169106
21259924	22259924
18857466	19857466
12550915	13550915
15558926	16558926
23166647	24166647
3481244	4481244
17844785	18844785
14982163	15982163
20949549	21949549
19686512	20686512
11125942	12125942
15730632	16730632
21455565	22455565
2912264	3912264
20521143	21521143
2577042	3577042
14668290	15668290
3283431	4283431
8743154	9743154
6489421	7489421
8822890	9822890
20438837	21438837
9099837	10099837
10285373	11285373
17815934	18815934
2435187	3435187
22411573	23411573
17947825	18947825
19950062	20950062
6017523	7017523
21488780	22488780
198942	1198942
17408235	18408235
3606570	4606570
18104041	19104041
8771161	9771161
20422360	21422360
15931264	16931264
22820939	23820939
17365664	18365664
6571589	7571589
20157537	21157537
13379165	14379165
7993784	8993784
3970732	4970732
9419370	10419370
18508803	19508803
17712032	18712032
7463271	8463271
8566328	9566328
105056	1105056
6622613	7622613
3943925	4943925
1413458	2413458
9317346	10317346
22659135	23659135
350759	1350759
3158247	4158247
22753957	23753957
15017308	16017308
3271678	4271678
3594552	4594552
2784501	3784501
8432835	9432835
1192794	2192794
16934613	17934613
10814733	11814733
19587739	20587739
16250790	17250790
4284118	5284118
17362001	18362001
21116811	22116811
11381916	12381916
17498557	18498557
14653009	15653009
14834933	15834933
4033184	5033184
4990934	5990934
2200582	3200582
15650102	16650102
3812472	4812472
2531641	3531641
6659742	7659742
9623926	10623926
2723973	3723973
16630474	17630474
4622506	5622506
3607335	4607335
21726500	22726500
12447124	13447124
6115637	7115637
8924842	9924842
4788430	5788430
8364613	9364613
10329284	11329284
6937734	7937734
4010873	5010873
15363486	16363486
1715800	2715800
7363416	8363416
3917407	4917407
3277092	4277092
13605053	14605053
23471238	24471238
20137174	21137174
3429764	4429764
1655871	2655871
8268850	9268850
18381027	19381027
10406104	11406104
5925359	6925359
20746675	21746675
21721801	22721801
14105422	15105422
9166540	10166540
9440650	10440650
2303022	3303022
1869366	2869366
12607849	13607849
16800337	17800337
23850988	24850988
15235313	16235313
17824976	18824976
977504	1977504
22261258	23261258
20167462	21167462
16095655	17095655
14692233	15692233
787281	1787281
23756383	24756383
1526901	2526901
19830163	20830163
23776359	24776359
19514262	20514262
18152149	19152149
10078713	11078713
20527294	21527294
20248152	21248152
21458093	22458093
6747610	7747610
3761064	4761064
7642762	8642762
10091079	11091079
6876199	7876199
28917	1028917
7013876	8013876
5273645	6273645
19143148	20143148
20378804	21378804
5235620	6235620
936755	1936755
22166661	23166661
9188270	10188270
15140622	16140622
18453346	19453346
14884177	15884177
973431	1973431
1387552	2387552
207505	1207505
4189770	5189770
8144565	9144565
6311034	7311034
21776498	22776498
22307254	23307254
6186701	7186701
13837608	14837608
21463559	22463559
11983971	12983971
21037410	22037410
19694172	20694172
16688017	17688017
5447574	6447574
15007490	16007490
16184548	17184548
24437104	25437104
3877301	4877301
1069905	2069905
17817083	18817083
7050032	8050032
92521	1092521
16678468	17678468
11265179	12265179
23881716	24881716
19154801	20154801
19580516	20580516
1127042	2127042
98565	1098565
21670894	22670894
21580199	22580199
4208269	5208269
12242856	13242856
13740637	14740637
16693739	17693739
13637204	14637204
3234552	4234552
17868003	18868003
12764541	13764541
8099245	9099245
25101063	26101063
22861444	23861444
8383466	9383466
2477751	3477751
25159129	26159129
6341298	7341298
1295737	2295737
4565631	5565631
7743370	8743370
17554811	18554811
19923985	20923985
21817457	22817457
19605521	20605521
23988659	24988659
18744550	19744550
7433555	8433555
17310120	18310120
42699	1042699
14211105	15211105
185115	1185115
18500200	19500200
24548613	25548613
15596295	16596295
7432762	8432762
694590	1694590
15634255	16634255
9516497	10516497
14095546	15095546
6416752	7416752
17891410	18891410
18581718	19581718
8256095	9256095
6751246	7751246
16684385	17684385
3056370	4056370
21822261	22822261
19474237	20474237
22730074	23730074
4308167	5308167
20054775	21054775
17421787	18421787
18525693	19525693
21103057	22103057
20915399	21915399
7332579	8332579
22044042	23044042
12945678	13945678
13318379	14318379
11560742	12560742
14687062	15687062
11362320	12362320
25120738	26120738
17470281	18470281
22573251	23573251
5738202	6738202
2084647	3084647
13649802	14649802
25549308	26549308
6081319	7081319
20090873	21090873
1174001	2174001
15852464	16852464
4878273	5878273
16356351	17356351
9785050	10785050
9613169	10613169
16667079	17667079
19539359	20539359
13565116	14565116
17914980	18914980
2696277	3696277
18396803	19396803
16676479	17676479
9783546	10783546
23846590	24846590
9785743	10785743
6625883	7625883
16970995	17970995
534038	1534038
8005518	9005518
16567063	17567063
12942421	13942421
19636840	20636840
17181558	18181558
6091970	7091970
18658802	19658802
5965883	6965883
15030247	16030247
15360595	16360595
16992036	17992036
13732217	14732217
1539356	2539356
9037731	10037731
1814502	2814502
6227659	7227659
10426017	11426017
22571884	23571884
12129720	13129720
607146	1607146
25690349	26690349
8560092	9560092
23475348	24475348
17144248	18144248
7407186	8407186
9635290	10635290
7804638	8804638
7992422	8992422
20146250	21146250
7417786	8417786
17467045	18467045
26222178	27222178
2135519	3135519
12710467	13710467
16152317	17152317
6148768	7148768
6557940	7557940
16693140	17693140
9616028	10616028
22894607	23894607
10183057	11183057
15731991	16731991
9934645	10934645
15017739	16017739
13377427	14377427
4269905	5269905
5539220	6539220
21564023	22564023
6137086	7137086
18302132	19302132
11419153	12419153
21031460	22031460
4168833	5168833
18953216	19953216
21782314	22782314
9737789	10737789
24821286	25821286
3381555	4381555
16426438	17426438
9605406	10605406
11806426	12806426
7772529	8772529
12697368	13697368
1542384	2542384
19460261	20460261
20729727	21729727
10633275	11633275
12306339	13306339
18918352	19918352
20713956	21713956
18780266	19780266
9897308	10897308
20589621	21589621
2816281	3816281
22493327	23493327
9857771	10857771
23038910	24038910
2920442	3920442
14653488	15653488
7222584	8222584
2790221	3790221
4978950	5978950
18797345	19797345
16347560	17347560
6401118	7401118
11923455	12923455
10479499	11479499
17118890	18118890
18874305	19874305
21243669	22243669
22416203	23416203
15625531	16625531
7858158	8858158
2042094	3042094
5836094	6836094
5005537	6005537
23732376	24732376
2710069	3710069
17156465	18156465
6197312	7197312
16473539	17473539
18666516	19666516
9570952	10570952
19555796	20555796
11075149	12075149
22107866	23107866
19676491	20676491
18188019	19188019
312662	1312662
25156626	26156626
8103221	9103221
23979636	24979636
19710697	20710697
416967	1416967
3849591	4849591
3989581	4989581
21964220	22964220
9807523	10807523
6675467	7675467
17778049	18778049
15975613	16975613
14610733	15610733
27270815	28270815
5594376	6594376
17059055	18059055
5560003	6560003
21275889	22275889
13615326	14615326
10217793	11217793
19912158	20912158
10259267	11259267
10963040	11963040
21859590	22859590
4630592	5630592
21350114	22350114
7218746	8218746
16758892	17758892
6221509	7221509
2513336	3513336
958749	1958749
27204971	28204971
26625880	27625880
9001996	10001996
12658494	13658494
15492696	16492696
546226	1546226
16624761	17624761
13865545	14865545
9232004	10232004
24753201	25753201
22942864	23942864
1772278	2772278
20320617	21320617
6675953	7675953
15153972	16153972
19361212	20361212
6186449	7186449
9987717	10987717
5477831	6477831
18720447	19720447
4794282	5794282
21090654	22090654
15066077	16066077
13678297	14678297
24712058	25712058
22739099	23739099
23941203	24941203
9530264	10530264
12794767	13794767
15201653	16201653
2937738	3937738
22063289	23063289
18094140	19094140
5389494	6389494
16116786	17116786
22566535	23566535
2403682	3403682
7648102	8648102
600906	1600906
13636372	14636372
4222996	5222996
17133860	18133860
24044225	25044225
16396617	17396617
17213082	18213082
11082078	12082078
17410773	18410773
13518867	14518867
667757	1667757
2972437	3972437
3635679	4635679
11820057	12820057
15497086	16497086
17094332	18094332
4576966	5576966
13713600	14713600
21375326	22375326
368120	1368120
23212693	24212693
14184806	15184806
13584675	14584675
11730424	12730424
531228	1531228
12131778	13131778
17787928	18787928
9405688	10405688
15241808	16241808
14424630	15424630
14666860	15666860
27281967	28281967
6258112	7258112
20139331	21139331
24129488	25129488
16978397	17978397
20116385	21116385
8312313	9312313
13479338	14479338
22159	1022159
15152400	16152400
10727940	11727940
10906747	11906747
13148339	14148339
13035819	14035819
23644221	24644221
17833462	18833462
23751264	24751264
564132	1564132
10956376	11956376
18961289	19961289
19842011	20842011
8880854	9880854
4422801	5422801
23344306	24344306
15340279	16340279
3096457	4096457
8943917	9943917
3248188	4248188
7992036	8992036
9052644	10052644
6767105	7767105
8828585	9828585
13786767	14786767
10624426	11624426
8357153	9357153
14658528	15658528
15233550	16233550
9276492	10276492
26146548	27146548
9308274	10308274
22649563	23649563
23828982	24828982
10346732	11346732
7986739	8986739
23264294	24264294
24915078	25915078
10812718	11812718
516877	1516877
20483321	21483321
3693231	4693231
3015466	4015466
16249869	17249869
9174892	10174892
27605321	28605321
26011836	27011836
4996009	5996009
9348722	10348722
15879940	16879940
7296703	8296703
10674742	11674742
883719	1883719
1303958	2303958
5018243	6018243
27856779	28856779
10515958	11515958
26985326	27985326
7570491	8570491
14615783	15615783
8974451	9974451
21347225	22347225
20200709	21200709
7910956	8910956
2374878	3374878
8020859	9020859
692818	1692818
13451205	14451205
5731392	6731392
9690609	10690609
6378510	7378510
3098611	4098611
28973517	29973517
15929410	16929410
15401854	16401854
2120503	3120503
23097177	24097177
15050599	16050599
21785385	22785385
15421483	16421483
11046415	12046415
26056334	27056334
2670927	3670927
14885657	15885657
4601287	5601287
13613220	14613220
17751838	18751838
22684516	23684516
203923	1203923
14083718	15083718
8825967	9825967
16529812	17529812
12723682	13723682
26138712	27138712
9816372	10816372
3267402	4267402
16354261	17354261
543315	1543315
15977764	16977764
9116404	10116404
16372150	17372150
19704380	20704380
15585509	16585509
18178169	19178169
4226023	5226023
7118734	8118734
24135066	25135066
21010945	22010945
23569662	24569662
594198	1594198
8018879	9018879
26790427	27790427
27154679	28154679
26304545	27304545
8989601	9989601
12798897	13798897
24475663	25475663
12753083	13753083
24869068	25869068
15079345	16079345
13787907	14787907
20352915	21352915
24334936	25334936
835690	1835690
13889899	14889899
18532106	19532106
18045023	19045023
13871408	14871408
5461716	6461716
1105644	2105644
3797257	4797257
18214979	19214979
1501976	2501976
497879	1497879
4575820	5575820
24631759	25631759
3522104	4522104
668057	1668057
22025702	23025702
4111848	5111848
25619844	26619844
17072587	18072587
14084416	15084416
1898495	2898495
11352261	12352261
5552033	6552033
4746719	5746719
14385669	15385669
4755545	5755545
18866363	19866363
13883819	14883819
15287761	16287761
14284412	15284412
18814461	19814461
3472068	4472068
28622393	29622393
8907668	9907668
12351796	13351796
15508127	16508127
8180201	9180201
23922915	24922915
26137931	27137931
29609962	30609962
15095807	16095807
15905755	16905755
4621640	5621640
15747790	16747790
18364621	19364621
26225172	27225172
20399042	21399042
105400	1105400
3580483	4580483
13874155	14874155
19707129	20707129
23870222	24870222
10421398	11421398
28259766	29259766
19239773	20239773
28169168	29169168
21296555	22296555
28621267	29621267
26875188	27875188
29372930	30372930
8105785	9105785
371014	1371014
8736755	9736755
27462815	28462815
11204523	12204523
2679381	3679381
26507745	27507745
6419005	7419005
7340263	8340263
18378491	19378491
19365176	20365176
14508341	15508341
2996058	3996058
9197930	10197930
18654308	19654308
25950830	26950830
25359224	26359224
22153972	23153972
29005143	30005143
13613947	14613947
9159355	10159355
7061929	8061929
29758953	30758953
23943136	24943136
26107925	27107925
2556184	3556184
22384061	23384061
27659494	28659494
29624097	30624097
11396028	12396028
8843477	9843477
11249228	12249228
3694533	4694533
15258824	16258824
3427906	4427906
28494957	29494957
22512746	23512746
8697279	9697279
1509937	2509937
8005381	9005381
14839879	15839879
7256579	8256579
7903667	8903667
23540494	24540494
5203054	6203054
15216264	16216264
29588813	30588813
11642165	12642165
6408848	7408848
5325741	6325741
7451374	8451374
6660202	7660202
23593886	24593886
5396460	6396460
5128221	6128221
14609439	15609439
1246209	2246209
15008225	16008225
9570190	10570190
2760207	3760207
26116374	27116374
21884928	22884928
21059531	22059531
26474553	27474553
14677469	15677469
29939023	30939023
4890709	5890709
1648984	2648984
6253743	7253743
24518736	25518736
20326460	21326460
11966102	12966102
30762768	31762768
18151184	19151184
8282231	9282231
18586457	19586457
27998641	28998641
19153186	20153186
25569067	26569067
27934653	28934653
15872895	16872895
21889825	22889825
972406	1972406
14777274	15777274
27594060	28594060
7590577	8590577
7103699	8103699
27459933	28459933
19021117	20021117
24059965	25059965
27562636	28562636
4518460	5518460
8982637	9982637
20559663	21559663
24139301	25139301
28144582	29144582
20427266	21427266
8749398	9749398
2580937	3580937
7694274	8694274
28530025	29530025
13648509	14648509
27461560	28461560
25267950	26267950
6188415	7188415
7406972	8406972
20283424	21283424
11523257	12523257
10368791	11368791
13575455	14575455
16553626	17553626
21152958	22152958
24452796	25452796
14290495	15290495
15340057	16340057
23975378	24975378
7055706	8055706
18696621	19696621
1885233	2885233
22703292	23703292
21082154	22082154
23292001	24292001
16219512	17219512
10624690	11624690
16579950	17579950
17960980	18960980
13830165	14830165
24397615	25397615
16734661	17734661
19647692	20647692
1311091	2311091
13249719	14249719
25047561	26047561
13318652	14318652
2445110	3445110
5118233	6118233
28256632	29256632
2456413	3456413
13302657	14302657
18746259	19746259
20597006	21597006
13814988	14814988
18197420	19197420
11214068	12214068
2896795	3896795
3454334	4454334
26833123	27833123
1383558	2383558
27077654	28077654
3787797	4787797
25539728	26539728
18595537	19595537
23343841	24343841
20776556	21776556
12346336	13346336
29424028	30424028
17582824	18582824
27796649	28796649
1944778	2944778
31088159	32088159
5525352	6525352
28641286	29641286
24535594	25535594
16267118	17267118
31028822	32028822
2095063	3095063
3110913	4110913
9757959	10757959
14017704	15017704
28269538	29269538
28162736	29162736
1634694	2634694
13555491	14555491
9128455	10128455
19284378	20284378
19653500	20653500
19510923	20510923
24519499	25519499
11974738	12974738
18781988	19781988
30500657	31500657
10557305	11557305
10723120	11723120
14481169	15481169
21775834	22775834
12616871	13616871
13349762	14349762
13383299	14383299
6037743	7037743
3010231	4010231
11179239	12179239
29224855	30224855
27898352	28898352
28290359	29290359
21190081	22190081
20905813	21905813
5897281	6897281
9516282	10516282
29571809	30571809
881075	1881075
6438456	7438456
843860	1843860
7881187	8881187
10813359	11813359
2369042	3369042
10483280	11483280
9681605	10681605
26281731	27281731
1808602	2808602
8403622	9403622
13718070	14718070
26268405	27268405
20528275	21528275
31021228	32021228
28626400	29626400
6500112	7500112
12735478	13735478
23515027	24515027
30084697	31084697
7199499	8199499
27650738	28650738
16701220	17701220
11283735	12283735
5001095	6001095
4449380	5449380
5272334	6272334
29441008	30441008
21406269	22406269
24361673	25361673
25935260	26935260
1451736	2451736
19711575	20711575
9215751	10215751
20760421	21760421
21486516	22486516
2515791	3515791
16372250	17372250
14161818	15161818
27062472	28062472
13680684	14680684
8292905	9292905
20144118	21144118
22382756	23382756
19466011	20466011
28154184	29154184
12596359	13596359
10361699	11361699
27302063	28302063
14947992	15947992
10027189	11027189
15582255	16582255
15159418	16159418
9456072	10456072
30739190	31739190
1854699	2854699
15838651	16838651
10950601	11950601
17853101	18853101
11987591	12987591
32372331	33372331
932416	1932416
7870544	8870544
359348	1359348
15397147	16397147
14475802	15475802
32730795	33730795
30555413	31555413
28197425	29197425
12272527	13272527
13363306	14363306
19843651	20843651
9379579	10379579
20579213	21579213
20180355	21180355
22614407	23614407
12435576	13435576
11854574	12854574
3020542	4020542
12786689	13786689
21710374	22710374
8575593	9575593
32149342	33149342
23272562	24272562
11844394	12844394
29297364	30297364
27598781	28598781
13339263	14339263
9200359	10200359
28634908	29634908
12383562	13383562
26148576	27148576
32373216	33373216
3749471	4749471
8170312	9170312
9800795	10800795
32660704	33660704
16209761	17209761
4609729	5609729
1839085	2839085
3282738	4282738
18361792	19361792
28890525	29890525
23409400	24409400
12581321	13581321
19252066	20252066
32339778	33339778
31492765	32492765
23611136	24611136
1898177	2898177
23122251	24122251
20220154	21220154
14945844	15945844
14307055	15307055
17575326	18575326
18385278	19385278
13250044	14250044
31603161	32603161
17920023	18920023
26992304	27992304
25438099	26438099
15068227	16068227
6270288	7270288
7137451	8137451
8498195	9498195
29505501	30505501
2867896	3867896
31528519	32528519
26649425	27649425
49100	1049100
19575827	20575827
13954313	14954313
12457786	13457786
5923416	6923416
11114354	12114354
17694772	18694772
13835775	14835775
19546818	20546818
18913557	19913557
28075755	29075755
12166123	13166123
33346213	34346213
2694452	3694452
31833036	32833036
31159931	32159931
28804561	29804561
21920020	22920020
29350124	30350124
13763511	14763511
31129693	32129693
8121833	9121833
11626055	12626055
5288495	6288495
8531497	9531497
26559858	27559858
826002	1826002
15002597	16002597
28847639	29847639
21379963	22379963
979624	1979624
1826047	2826047
28756364	29756364
33711962	34711962
24621401	25621401
16722627	17722627
13362250	14362250
6275417	7275417
27233074	28233074
5759441	6759441
2652359	3652359
24946060	25946060
24658646	25658646
24364363	25364363
22021954	23021954
31638627	32638627
25444332	26444332
25465669	26465669
767171	1767171
28767927	29767927
24834128	25834128
12797935	13797935
21542109	22542109
11693149	12693149
655521	1655521
19256802	20256802
15116518	16116518
31264854	32264854
26058749	27058749
11732118	12732118
14729270	15729270
30092615	31092615
4631028	5631028
14070102	15070102
15512113	16512113
32188046	33188046
3157191	4157191
5681678	6681678
16812895	17812895
539395	1539395
6304164	7304164
1755269	2755269
11520973	12520973
10942449	11942449
31407072	32407072
3927560	4927560
27660527	28660527
11192683	12192683
12798711	13798711
34066964	35066964
21252357	22252357
9478806	10478806
17407244	18407244
20569264	21569264
32018847	33018847
29115919	30115919
3241980	4241980
1856201	2856201
3125637	4125637
3217288	4217288
6542432	7542432
10577920	11577920
31746617	32746617
5919347	6919347
33619856	34619856
3212870	4212870
21789541	22789541
30802946	31802946
30226201	31226201
9425382	10425382
7219236	8219236
19860779	20860779
6081811	7081811
9231450	10231450
10937015	11937015
25982801	26982801
31406148	32406148
11933683	12933683
19394445	20394445
344695	1344695
33121224	34121224
34142939	35142939
14358000	15358000
15489324	16489324
1302477	2302477
12943536	13943536
19782614	20782614
32169530	33169530
1558931	2558931
28144895	29144895
2270357	3270357
8955632	9955632
11307567	12307567
27907147	28907147
15146236	16146236
31853468	32853468
27133115	28133115
4056396	5056396
5340629	6340629
14759582	15759582
7355368	8355368
14351209	15351209
1910473	2910473
8579141	9579141
19934356	20934356
32448154	33448154
21581129	22581129
16677285	17677285
20851085	21851085
30829600	31829600
502198	1502198
16798967	17798967
14544132	15544132
13569330	14569330
14284280	15284280
16154802	17154802
18755536	19755536
11947628	12947628
4028691	5028691
31195140	32195140
18868198	19868198
20695465	21695465
12333441	13333441
24661093	25661093
25389535	26389535
3810085	4810085
20922713	21922713
31066640	32066640
1375399	2375399
28243502	29243502
21159559	22159559
19843083	20843083
30541620	31541620
20640963	21640963
33361745	34361745
31582289	32582289
20923521	21923521
10611346	11611346
29971911	30971911
1119735	2119735
16154670	17154670
14213251	15213251
20349434	21349434
25741389	26741389
31671036	32671036
20663967	21663967
318078	1318078
23687267	24687267
15321181	16321181
16971993	17971993
34335397	35335397
27215613	28215613
22431736	23431736
33089501	34089501
7034801	8034801
980854	1980854
4259696	5259696
15376777	16376777
23179072	24179072
12824913	13824913
10931842	11931842
4108724	5108724
32065078	33065078
6527078	7527078
24879027	25879027
13034741	14034741
11177074	12177074
19223170	20223170
5720201	6720201
16151467	17151467
13374589	14374589
33306352	34306352
30372480	31372480
34177550	35177550
27424627	28424627
12707944	13707944
30243810	31243810
11208670	12208670
33204468	34204468
29481805	30481805
12718412	13718412
9231036	10231036
32509142	33509142
2245033	3245033
2201289	3201289
11181913	12181913
3309741	4309741
13867704	14867704
31020248	32020248
22833780	23833780
32777047	33777047
15682268	16682268
7074142	8074142
6252161	7252161
34343545	35343545
2362153	3362153
13132224	14132224
11429156	12429156
34427532	35427532
18061711	19061711
13971339	14971339
8785822	9785822
27147106	28147106
22842375	23842375
7225697	8225697
3104174	4104174
17027869	18027869
15068933	16068933
31966294	32966294
15502462	16502462
15722436	16722436
23443294	24443294
26976534	27976534
11573600	12573600
35050939	36050939
25012431	26012431
11109671	12109671
32429136	33429136
24757427	25757427
27863319	28863319
30976949	31976949
23742002	24742002
28691939	29691939
1840725	2840725
2822278	3822278
20265302	21265302
22467565	23467565
19878818	20878818
29424745	30424745
35287081	36287081
6088665	7088665
20152042	21152042
34126769	35126769
9933780	10933780
5409199	6409199
1562138	2562138
940787	1940787
11720622	12720622
31916928	32916928
17890718	18890718
11322471	12322471
1071037	2071037
28348307	29348307
25636274	26636274
6085402	7085402
28272679	29272679
35847691	36847691
3762073	4762073
2280374	3280374
3614312	4614312
28953903	29953903
21893783	22893783
23386885	24386885
27525749	28525749
34152336	35152336
22643984	23643984
14345830	15345830
1999831	2999831
22334662	23334662
21788861	22788861
19036103	20036103
19056743	20056743
912392	1912392
19823606	20823606
31457165	32457165
34349335	35349335
33050282	34050282
258723	1258723
3571447	4571447
29545585	30545585
35346118	36346118
15549335	16549335
13568416	14568416
34021640	35021640
5543977	6543977
18330527	19330527
31327312	32327312
12120769	13120769
30268018	31268018
17676551	18676551
29558987	30558987
33179363	34179363
30325038	31325038
28934176	29934176
1542184	2542184
8452040	9452040
14725668	15725668
35894825	36894825
19629857	20629857
16459633	17459633
18400451	19400451
34924202	35924202
16244630	17244630
2549526	3549526
34910994	35910994
19455114	20455114
17395355	18395355
33451288	34451288
17079341	18079341
34562376	35562376
27533207	28533207
33106263	34106263
4656773	5656773
9438435	10438435
22163922	23163922
27555147	28555147
5152962	6152962
22880589	23880589
3406359	4406359
34859184	35859184
25014826	26014826
28945587	29945587
24342627	25342627
7252954	8252954
22307719	23307719
1563286	2563286
18907974	19907974
15215439	16215439
113823	1113823
17165484	18165484
8848271	9848271
2181134	3181134
13369408	14369408
19262299	20262299
18104759	19104759
11610038	12610038
4965361	5965361
9327097	10327097
33640845	34640845
9182130	10182130
18149921	19149921
21982322	22982322
17305226	18305226
18537029	19537029
3186629	4186629
34760458	35760458
31161773	32161773
27396652	28396652
18487950	19487950
27924449	28924449
5695474	6695474
35997956	36997956
30090103	31090103
18184643	19184643
20438606	21438606
17609874	18609874
6266500	7266500
18391642	19391642
2409837	3409837
17367493	18367493
21074342	22074342
36155243	37155243
12675282	13675282
3058710	4058710
23288228	24288228
29789102	30789102
23225247	24225247
34236261	35236261
28117378	29117378
23641677	24641677
37305269	38305269
36961153	37961153
29238816	30238816
14450724	15450724
5098042	6098042
10417965	11417965
26704932	27704932
9912931	10912931
15837081	16837081
19582501	20582501
4749185	5749185
8764131	9764131
34365138	35365138
13042284	14042284
15592250	16592250
9101764	10101764
185564	1185564
13561869	14561869
25199397	26199397
16490263	17490263
22604567	23604567
7134456	8134456
1133397	2133397
1725010	2725010
30800386	31800386
18382671	19382671
6369387	7369387
7348475	8348475
1769148	2769148
9059794	10059794
6355750	7355750
1460923	2460923
32180586	33180586
5231827	6231827
27946550	28946550
20169430	21169430
14790270	15790270
11572278	12572278
472345	1472345
3295899	4295899
48892	1048892
33150693	34150693
31556830	32556830
22260510	23260510
13684515	14684515
28297902	29297902
37009517	38009517
16352045	17352045
28447803	29447803
22090220	23090220
14608487	15608487
33621625	34621625
1412542	2412542
26684461	27684461
29379981	30379981
33807275	34807275
9565931	10565931
10427636	11427636
35441282	36441282
26970279	27970279
18107035	19107035
691617	1691617
31478470	32478470
12237202	13237202
11581920	12581920
6063060	7063060
1537877	2537877
1291878	2291878
36922382	37922382
11034606	12034606
36306045	37306045
35491633	36491633
6471749	7471749
16938675	17938675
31153390	32153390
29563260	30563260
28690476	29690476
34208390	35208390
8452127	9452127
28378594	29378594
17406960	18406960
36082944	37082944
31851910	32851910
26255010	27255010
35690301	36690301
10283552	11283552
21398674	22398674
35928793	36928793
17071724	18071724
27765700	28765700
34371467	35371467
14660489	15660489
20404021	21404021
4095422	5095422
35163677	36163677
26570353	27570353
13819747	14819747
4802233	5802233
34266373	35266373
4041589	5041589
35757449	36757449
20650229	21650229
30213609	31213609
14222030	15222030
30360038	31360038
16166012	17166012
32260683	33260683
5741397	6741397
15983090	16983090
4560873	5560873
20114763	21114763
34754537	35754537
8607661	9607661
5963135	6963135
11529191	12529191
28785261	29785261
36731376	37731376
6294295	7294295
16189245	17189245
20404865	21404865
147992	1147992
37417767	38417767
18801709	19801709
34865401	35865401
31810271	32810271
36126499	37126499
1276370	2276370
7858286	8858286
19406667	20406667
12347943	13347943
28137912	29137912
18067353	19067353
16421589	17421589
4823738	5823738
18655143	19655143
9747483	10747483
30519979	31519979
18617820	19617820
1295586	2295586
22697705	23697705
17526465	18526465
37206596	38206596
37104147	38104147
7286272	8286272
34670989	35670989
34689056	35689056
12389005	13389005
9884196	10884196
794245	1794245
17697858	18697858
7723195	8723195
24380785	25380785
25048189	26048189
2855549	3855549
8025079	9025079
5207322	6207322
5298742	6298742
19508756	20508756
38212495	39212495
27596386	28596386
27381470	28381470
33828179	34828179
11662707	12662707
12793471	13793471
33627673	34627673
5126748	6126748
21585494	22585494
17191511	18191511
17102921	18102921
23534131	24534131
20878819	21878819
18122295	19122295
35472639	36472639
28528876	29528876
17602879	18602879
26636763	27636763
26573415	27573415
38396840	39396840
11260245	12260245
17845245	18845245
22969642	23969642
18959592	19959592
1829288	2829288
1944436	2944436
15230408	16230408
25796737	26796737
35916685	36916685
33375367	34375367
16050178	17050178
19839703	20839703
5799732	6799732
14400344	15400344
10215258	11215258
16064301	17064301
9005804	10005804
22714925	23714925
1782861	2782861
11593583	12593583
11375771	12375771
36150517	37150517
23378597	24378597
9314884	10314884
19802061	20802061
26801688	27801688
26821436	27821436
20902171	21902171
38167809	39167809
23620886	24620886
21855471	22855471
70383	1070383
15600402	16600402
29148762	30148762
28181053	29181053
39414968	40414968
34221411	35221411
4651551	5651551
31339997	32339997
30163611	31163611
35130576	36130576
21388371	22388371
33404293	34404293
34053508	35053508
20352341	21352341
758081	1758081
28367296	29367296
8786977	9786977
34849486	35849486
33197191	34197191
38432648	39432648
4489190	5489190
38606103	39606103
32579190	33579190
28784521	29784521
12840281	13840281
16773493	17773493
36953829	37953829
28153091	29153091
26141961	27141961
15239776	16239776
14881675	15881675
530356	1530356
15826643	16826643
7301386	8301386
15568604	16568604
936842	1936842
39027942	40027942
12212557	13212557
2301283	3301283
31214047	32214047
1654219	2654219
29120593	30120593
14235268	15235268
24002124	25002124
5924647	6924647
24349941	25349941
10082331	11082331
19541094	20541094
23099211	24099211
9051392	10051392
11276912	12276912
16104409	17104409
11100980	12100980
2364552	3364552
17589227	18589227
6207897	7207897
10882584	11882584
22751698	23751698
18336369	19336369
37134203	38134203
8120693	9120693
27252066	28252066
15868229	16868229
37104500	38104500
20212321	21212321
27799962	28799962
9512962	10512962
16516594	17516594
2337368	3337368
30061346	31061346
23978173	24978173
32071905	33071905
31524880	32524880
23818560	24818560
34544405	35544405
22524408	23524408
20895087	21895087
13343013	14343013
37572590	38572590
36202740	37202740
38907548	39907548
39109632	40109632
19210383	20210383
3099715	4099715
19733718	20733718
32224996	33224996
26591957	27591957
3962255	4962255
18631191	19631191
31234022	32234022
6771975	7771975
31614954	32614954
2712651	3712651
6229928	7229928
13747034	14747034
1496699	2496699
39962680	40962680
20478555	21478555
17574580	18574580
22726793	23726793
30143986	31143986
37435466	38435466
1778937	2778937
6743850	7743850
14666619	15666619
34459476	35459476
1872596	2872596
2117305	3117305
33322911	34322911
14014365	15014365
20757839	21757839
19434148	20434148
26330724	27330724
34486950	35486950
37931038	38931038
22321861	23321861
7119517	8119517
30287448	31287448
22553742	23553742
36835655	37835655
15605373	16605373
4480119	5480119
35060838	36060838
23992127	24992127
8958291	9958291
362759	1362759
7365919	8365919
39221392	40221392
19858690	20858690
30437732	31437732
37809713	38809713
31814537	32814537
3226311	4226311
33789014	34789014
40741900	41741900
24135495	25135495
9587574	10587574
32399002	33399002
21027568	22027568
26436524	27436524
4444747	5444747
1574865	2574865
12209134	13209134
9794158	10794158
27223032	28223032
31272546	32272546
15341407	16341407
26447867	27447867
33767369	34767369
26109419	27109419
20037769	21037769
13327025	14327025
13335744	14335744
16070519	17070519
12039842	13039842
6358126	7358126
25687884	26687884
23639506	24639506
3229712	4229712
1808925	2808925
17546254	18546254
12503351	13503351
15402414	16402414
38608153	39608153
24566532	25566532
22533089	23533089
32967168	33967168
30605300	31605300
28381791	29381791
2461369	3461369
17974927	18974927
5102918	6102918
15329343	16329343
37466926	38466926
31515365	32515365
20053864	21053864
20585450	21585450
8207772	9207772
10545514	11545514
1155235	2155235
20588996	21588996
38276591	39276591
1466613	2466613
23626599	24626599
8196557	9196557
25849018	26849018
11192052	12192052
1381772	2381772
10557322	11557322
10182977	11182977
7675298	8675298
34889039	35889039
27873059	28873059
2022388	3022388
28647375	29647375
32942783	33942783
10975534	11975534
7018470	8018470
37175212	38175212
8258285	9258285
25274305	26274305
4348639	5348639
41227545	42227545
37322327	38322327
26215399	27215399
31715720	32715720
22748973	23748973
30183428	31183428
10066747	11066747
20941415	21941415
34863874	35863874
23151554	24151554
29258689	30258689
517892	1517892
1494111	2494111
40263617	41263617
13639191	14639191
7788426	8788426
21881810	22881810
31557779	32557779
12014687	13014687
34536150	35536150
11278773	12278773
41358667	42358667
14173116	15173116
31080980	32080980
1466172	2466172
11071725	12071725
10193859	11193859
21932181	22932181
11803856	12803856
564731	1564731
26783691	27783691
32340410	33340410
22726980	23726980
20815659	21815659
6554444	7554444
17355952	18355952
20738485	21738485
5022348	6022348
39450884	40450884
21112358	22112358
4657363	5657363
22788391	23788391
13320078	14320078
18388892	19388892
10951879	11951879
10381385	11381385
20702088	21702088
20197337	21197337
4918110	5918110
14567696	15567696
15004780	16004780
19479378	20479378
28644967	29644967
8827321	9827321
23756469	24756469
16861076	17861076
26085954	27085954
26515955	27515955
8069617	9069617
40557786	41557786
2060812	3060812
5410911	6410911
22431419	23431419
2419457	3419457
18995278	19995278
25033823	26033823
13333195	14333195
2447343	3447343
14631710	15631710
5163268	6163268
37338686	38338686
7473268	8473268
7994068	8994068
18129771	19129771
40409216	41409216
36390746	37390746
4467425	5467425
12810037	13810037
16031532	17031532
9285134	10285134
14692095	15692095
6253692	7253692
2680801	3680801
22271637	23271637
22843470	23843470
26486468	27486468
12537711	13537711
35639587	36639587
7139582	8139582
17342161	18342161
11468743	12468743
39683492	40683492
8915346	9915346
32612170	33612170
5157011	6157011
24689750	25689750
24927936	25927936
23920298	24920298
11924617	12924617
13357098	14357098
22973348	23973348
10908057	11908057
9608001	10608001
11537284	12537284
11093104	12093104
22776912	23776912
27286198	28286198
4313538	5313538
3179260	4179260
23136205	24136205
26335333	27335333
17256382	18256382
7820534	8820534
36241325	37241325
31588645	32588645
8604549	9604549
5911871	6911871
42140771	43140771
36765793	37765793
16122136	17122136
27602501	28602501
5317624	6317624
37656651	38656651
35855530	36855530
18625044	19625044
10151654	11151654
20011503	21011503
26009632	27009632
36598709	37598709
36273089	37273089
21309403	22309403
31000933	32000933
32745287	33745287
11704816	12704816
7848526	8848526
4384343	5384343
9404070	10404070
12935207	13935207
8908988	9908988
37204450	38204450
584780	1584780
18693336	19693336
34768278	35768278
9073007	10073007
38866183	39866183
15645996	16645996
13258601	14258601
11477613	12477613
40148192	41148192
17297202	18297202
122573	1122573
6427905	7427905
17800467	18800467
1709096	2709096
12282455	13282455
12112348	13112348
38052992	39052992
7147631	8147631
11744209	12744209
11011693	12011693
21929709	22929709
21658103	22658103
27126148	28126148
41907284	42907284
18107782	19107782
29250713	30250713
4629957	5629957
22025339	23025339
839215	1839215
20644075	21644075
9848416	10848416
21577866	22577866
38417940	39417940
14611736	15611736
15829811	16829811
17496787	18496787
24607949	25607949
4259594	5259594
32276741	33276741
41293188	42293188
10634016	11634016
33695374	34695374
36003292	37003292
38765737	39765737
7053454	8053454
15702187	16702187
36290261	37290261
108943	1108943
37016524	38016524
26873067	27873067
20588628	21588628
4944371	5944371
2039499	3039499
18207748	19207748
40479871	41479871
39684011	40684011
37775895	38775895
25417299	26417299
35852155	36852155
2362683	3362683
3334221	4334221
34044181	35044181
41356086	42356086
7746576	8746576
13130903	14130903
29976086	30976086
39325352	40325352
17873657	18873657
33354861	34354861
6419209	7419209
23716883	24716883
24172460	25172460
8151496	9151496
18902880	19902880
2061237	3061237
31816661	32816661
35133846	36133846
27887658	28887658
8328304	9328304
13313933	14313933
5884842	6884842
32362592	33362592
17206394	18206394
2498784	3498784
21066794	22066794
11697356	12697356
30836199	31836199
42744391	43744391
41232648	42232648
2431595	3431595
20349022	21349022
16073998	17073998
32322516	33322516
37675855	38675855
29256965	30256965
32571572	33571572
27563078	28563078
29611837	30611837
28348895	29348895
12740829	13740829
20349019	21349019
16392907	17392907
21910896	22910896
17125203	18125203
27063905	28063905
21420602	22420602
30486063	31486063
14183283	15183283
13967778	14967778
14423889	15423889
21592343	22592343
43449504	44449504
7035231	8035231
23535065	24535065
34077262	35077262
17660710	18660710
21678269	22678269
31999690	32999690
34637309	35637309
17495454	18495454
33051113	34051113
29421493	30421493
13491065	14491065
14289174	15289174
9458754	10458754
13542331	14542331
13988360	14988360
4707378	5707378
39563871	40563871
40872238	41872238
12200396	13200396
25414887	26414887
35235627	36235627
18313197	19313197
15967927	16967927
12543093	13543093
43714021	44714021
30726431	31726431
41837235	42837235
12678106	13678106
32558397	33558397
7229574	8229574
28356429	29356429
31208634	32208634
15159156	16159156
11588765	12588765
21091980	22091980
3654388	4654388
2749534	3749534
15443517	16443517
19053517	20053517
3577579	4577579
996938	1996938
15353035	16353035
4364913	5364913
37800010	38800010
8037188	9037188
21324303	22324303
4173811	5173811
8475885	9475885
22084959	23084959
37541688	38541688
28579823	29579823
10162599	11162599
703462	1703462
26214223	27214223
37523163	38523163
7062506	8062506
13207708	14207708
40954227	41954227
60778	1060778
43130246	44130246
2121699	3121699
12714299	13714299
6111269	7111269
10786132	11786132
18162188	19162188
19438759	20438759
23844321	24844321
31372683	32372683
38154627	39154627
23825973	24825973
10612210	11612210
35836990	36836990
4586393	5586393
5767354	6767354
42920460	43920460
24608304	25608304
23889024	24889024
11543674	12543674
9882227	10882227
13290384	14290384
18464463	19464463
26644251	27644251
29248007	30248007
869709	1869709
43720465	44720465
7361222	8361222
34035873	35035873
21219231	22219231
25727327	26727327
1987578	2987578
23394917	24394917
14254686	15254686
35560846	36560846
6414084	7414084
6780400	7780400
28809680	29809680
24656856	25656856
12404707	13404707
37042831	38042831
37523243	38523243
31234317	32234317
31797876	32797876
3780052	4780052
1678674	2678674
10700442	11700442
18004429	19004429
36361328	37361328
12066130	13066130
18021277	19021277
13622429	14622429
11723589	12723589
20708197	21708197
40111602	41111602
33842357	34842357
6187563	7187563
15763514	16763514
42701081	43701081
33370835	34370835
19747289	20747289
6873410	7873410
35620070	36620070
18228880	19228880
5295010	6295010
42597071	43597071
8584942	9584942
35487870	36487870
44205138	45205138
237624	1237624
42716571	43716571
16979223	17979223
21242410	22242410
16212444	17212444
15759886	16759886
16544005	17544005
10710995	11710995
38616243	39616243
34034518	35034518
38992112	39992112
5075887	6075887
26594795	27594795
33479341	34479341
35725292	36725292
12110855	13110855
22142710	23142710
25261872	26261872
29297716	30297716
10711915	11711915
32232719	33232719
23281475	24281475
22952744	23952744
14654499	15654499
25488279	26488279
27189132	28189132
22961263	23961263
19946981	20946981
17995874	18995874
633847	1633847
22146069	23146069
11762533	12762533
21619415	22619415
32197491	33197491
17250184	18250184
3992685	4992685
10610771	11610771
42951883	43951883
734636	1734636
10610789	11610789
30122650	31122650
39807209	40807209
7388685	8388685
44084648	45084648
21180814	22180814
11522529	12522529
17092881	18092881
1499403	2499403
37062661	38062661
35980205	36980205
10067070	11067070
29006403	30006403
41801117	42801117
29344843	30344843
39598438	40598438
30835655	31835655
15408149	16408149
5685643	6685643
43776611	44776611
22719288	23719288
2066779	3066779
32459934	33459934
36882634	37882634
35629752	36629752
18913857	19913857
16750835	17750835
7695404	8695404
32493748	33493748
4886636	5886636
19035217	20035217
29340204	30340204
18171800	19171800
517292	1517292
4642975	5642975
18416565	19416565
7923362	8923362
29277623	30277623
36279517	37279517
5353157	6353157
30280983	31280983
34639715	35639715
14553475	15553475
15701800	16701800
37881184	38881184
6393209	7393209
14670219	15670219
45054043	46054043
15982527	16982527
8106876	9106876
8308868	9308868
9176871	10176871
15432473	16432473
25823715	26823715
27884459	28884459
34262779	35262779
3490456	4490456
5327193	6327193
42121619	43121619
22441829	23441829
37254871	38254871
28739589	29739589
42208537	43208537
15601059	16601059
30674418	31674418
45278893	46278893
20010594	21010594
10429615	11429615
37200556	38200556
41204984	42204984
37598090	38598090
9670016	10670016
12908469	13908469
34799136	35799136
44466724	45466724
30864884	31864884
40277596	41277596
12218486	13218486
19235089	20235089
27512240	28512240
37342063	38342063
19379282	20379282
21538100	22538100
36223372	37223372
25059325	26059325
27817312	28817312
5177957	6177957
28710352	29710352
35588889	36588889
25210876	26210876
29274169	30274169
13561575	14561575
23924043	24924043
31314636	32314636
19783315	20783315
21071926	22071926
42949193	43949193
14105987	15105987
25741358	26741358
42342563	43342563
19813148	20813148
30291914	31291914
37476410	38476410
44934795	45934795
33129619	34129619
2181943	3181943
34759403	35759403
22233514	23233514
40651496	41651496
20476055	21476055
42728805	43728805
29114838	30114838
14780067	15780067
16494252	17494252
1007409	2007409
44083927	45083927
6615854	7615854
42343639	43343639
115214	1115214
12801752	13801752
23388904	24388904
6774323	7774323
8545614	9545614
26810538	27810538
5667276	6667276
12008626	13008626
38846325	39846325
14196585	15196585
39028872	40028872
32442102	33442102
37809801	38809801
40208602	41208602
41712659	42712659
10702553	11702553
30056469	31056469
26048192	27048192
7533134	8533134
14285059	15285059
128633	1128633
31618225	32618225
36751816	37751816
41548366	42548366
12434523	13434523
16770637	17770637
20526648	21526648
7167355	8167355
367237	1367237
14546177	15546177
27510842	28510842
7691475	8691475
16363294	17363294
44798957	45798957
40037988	41037988
38817147	39817147
36156979	37156979
19540427	20540427
5165658	6165658
34074665	35074665
41005558	42005558
13536283	14536283
5531652	6531652
44596510	45596510
5137025	6137025
8966299	9966299
24523073	25523073
3953022	4953022
16509205	17509205
39813337	40813337
7604543	8604543
40766280	41766280
44276098	45276098
33785759	34785759
30905121	31905121
33040261	34040261
27886113	28886113
16550417	17550417
22347991	23347991
31724622	32724622
30749582	31749582
9235792	10235792
39155519	40155519
8285069	9285069
10348549	11348549
20972713	21972713
2012897	3012897
24314614	25314614
17399299	18399299
14550546	15550546
5330819	6330819
31628692	32628692
41639459	42639459
24524660	25524660
12938694	13938694
42270114	43270114
33007723	34007723
18728351	19728351
34737226	35737226
41476741	42476741
6425421	7425421
24490899	25490899
24379926	25379926
38679271	39679271
6570670	7570670
37076928	38076928
39472260	40472260
29256802	30256802
6939689	7939689
20716956	21716956
37511724	38511724
20407617	21407617
2456138	3456138
6885795	7885795
36816205	37816205
38227756	39227756
2085328	3085328
14233703	15233703
30649506	31649506
15367949	16367949
36342959	37342959
30000268	31000268
33020518	34020518
8183198	9183198
24827344	25827344
21870226	22870226
31537150	32537150
20164425	21164425
20236332	21236332
8746400	9746400
27806565	28806565
3138874	4138874
46139201	47139201
22782163	23782163
23967835	24967835
31822328	32822328
36705529	37705529
26831031	27831031
12540686	13540686
31132021	32132021
35810126	36810126
14838191	15838191
12868915	13868915
34948737	35948737
6720638	7720638
45660698	46660698
18254433	19254433
44855812	45855812
26806032	27806032
33246679	34246679
18885111	19885111
37964560	38964560
31420382	32420382
41197228	42197228
1867759	2867759
42292733	43292733
47269335	48269335
31302735	32302735
3986078	4986078
24585618	25585618
3816705	4816705
16818475	17818475
1481708	2481708
39281659	40281659
45246620	46246620
14113130	15113130
44433592	45433592
21632637	22632637
4731209	5731209
23640523	24640523
48128797	49128797
1114816	2114816
17894456	18894456
36122792	37122792
6824954	7824954
8514636	9514636
11532336	12532336
8704402	9704402
43814617	44814617
43262946	44262946
20555086	21555086
28379893	29379893
37549094	38549094
26678211	27678211
42032232	43032232
4939809	5939809
38196829	39196829
4987957	5987957
18379235	19379235
38493543	39493543
16764581	17764581
48067896	49067896
11192771	12192771
6147988	7147988
47931783	48931783
37635705	38635705
17831433	18831433
14980186	15980186
33710479	34710479
14784210	15784210
37294933	38294933
45469943	46469943
35486452	36486452
558099	1558099
1808236	2808236
22256178	23256178
32004020	33004020
38922811	39922811
3760218	4760218
22073860	23073860
33203044	34203044
20965449	21965449
32298071	33298071
20467740	21467740
26756043	27756043
35485419	36485419
40935501	41935501
11263576	12263576
42638741	43638741
259416	1259416
2149464	3149464
37095114	38095114
39953524	40953524
6375524	7375524
4764436	5764436
33966147	34966147
3397986	4397986
10223234	11223234
16710587	17710587
43909276	44909276
2111078	3111078
29801151	30801151
19973850	20973850
18226049	19226049
22492294	23492294
46544075	47544075
15577096	16577096
28552262	29552262
2690826	3690826
14591510	15591510
11516166	12516166
25578543	26578543
39504464	40504464
32865986	33865986
734234	1734234
32514460	33514460
10482978	11482978
39259809	40259809
42433309	43433309
10469117	11469117
1044196	2044196
1638413	2638413
39704366	40704366
42228060	43228060
32134519	33134519
1269624	2269624
45739272	46739272
37627642	38627642
4041418	5041418
41255456	42255456
24973155	25973155
23020986	24020986
24339123	25339123
22807143	23807143
26773670	27773670
7137977	8137977
6260746	7260746
11119905	12119905
48086607	49086607
34318777	35318777
10162422	11162422
32870194	33870194
46077581	47077581
41102641	42102641
5497003	6497003
34897241	35897241
24201566	25201566
43711168	44711168
4550446	5550446
43196349	44196349
24012393	25012393
47067263	48067263
8088035	9088035
16453377	17453377
11318594	12318594
12084333	13084333
47399915	48399915
24467782	25467782
698899	1698899
47483100	48483100
1629662	2629662
6879432	7879432
35533100	36533100
15909545	16909545
16713089	17713089
34464835	35464835
863059	1863059
15638036	16638036
27652339	28652339
17426615	18426615
9996499	10996499
13900310	14900310
6383358	7383358
3350601	4350601
48601468	49601468
39024091	40024091
13401437	14401437
17993147	18993147
43160191	44160191
45929896	46929896
7440513	8440513
8639729	9639729
9359432	10359432
36028571	37028571
43819806	44819806
2881641	3881641
9306330	10306330
40258785	41258785
30858000	31858000
34092865	35092865
48660655	49660655
18531390	19531390
34142902	35142902
14256460	15256460
14776378	15776378
24097020	25097020
42718468	43718468
10489	1010489
28643117	29643117
22410426	23410426
19675940	20675940
34311881	35311881
34104616	35104616
46971685	47971685
46145706	47145706
24024860	25024860
29729047	30729047
10802674	11802674
19068160	20068160
1415852	2415852
45623773	46623773
35798354	36798354
